{
  "display": {
    "icon": {
      "item": "pokecube:mastercube"
    },
    "title": {
      "translate": "achievement.pokelegends.arceus",
      "color": "gold",
      "bold": false,
      "italic": false,
      "underlined": false,
      "strikethrough": false,
      "obfuscated": false
    },
    "description": {
      "translate": "achievement.pokelegends.arceus.desc"
    },
    "frame": "challenge",
    "show_toast": true,
    "announce_to_chat": true,
    "hidden": false
  },
  "criteria": {
    "catch_arceus": {
      "trigger": "pokecube:catch",
      "conditions": {
        "lenient": true,
        "entry": "arceus"
      }
    }
  },
  "rewards": {
    "loot": [
      "pokecube_legends:entities/legendscore"
    ]
  },
  "parent": "pokecube_legends:creation"
}