{
  "display": {
    "icon": {
      "item": "pokecube_legends:thunder_gem"
    },
    "title": {
      "translate": "achievement.pokelegends.beasts",
      "color": "gold",
      "bold": false,
      "italic": false,
      "underlined": false,
      "strikethrough": false,
      "obfuscated": false
    },
    "description": {
      "translate": "achievement.pokelegends.beasts.desc"
    },
    "frame": "challenge",
    "show_toast": true,
    "announce_to_chat": true,
    "hidden": false
  },
  "criteria": {
    "catch_entei": {
      "trigger": "pokecube:catch",
      "conditions": {
        "lenient": true,
        "entry": "entei"
      }
    },
    "catch_raikou": {
      "trigger": "pokecube:catch",
      "conditions": {
        "lenient": true,
        "entry": "raikou"
      }
    },
    "catch_suicune": {
      "trigger": "pokecube:catch",
      "conditions": {
        "lenient": true,
        "entry": "suicune"
      }
    }
  },
  "rewards": {
    "loot": [
      "pokecube_legends:entities/legendscore"
    ]
  },
  "parent": "pokecube_legends:root"
}