{
  "display": {
    "icon": {
      "item": "pokecube_legends:fire_wing"
    },
    "title": {
      "translate": "achievement.pokelegends.birds",
      "color": "gold",
      "bold": false,
      "italic": false,
      "underlined": false,
      "strikethrough": false,
      "obfuscated": false
    },
    "description": {
      "translate": "achievement.pokelegends.birds.desc"
    },
    "frame": "challenge",
    "show_toast": true,
    "announce_to_chat": true,
    "hidden": false
  },
  "criteria": {
    "catch_zapdos": {
      "trigger": "pokecube:catch",
      "conditions": {
        "lenient": true,
        "entry": "zapdos"
      }
    },
    "catch_moltres": {
      "trigger": "pokecube:catch",
      "conditions": {
        "lenient": true,
        "entry": "moltres"
      }
    },
    "catch_articuno": {
      "trigger": "pokecube:catch",
      "conditions": {
        "lenient": true,
        "entry": "articuno"
      }
    }
  },
  "rewards": {
    "loot": [
      "pokecube_legends:entities/legendscore"
    ]
  },
  "parent": "pokecube_legends:root"
}