{
  "display": {
    "background": "minecraft:textures/block/stone.png",
    "icon": {
      "item": "pokecube_legends:head_mirror"
    },
    "title": {
      "translate": "advancements.headmirror.title"
    },
    "description": {
      "translate": "advancements.headmirror.descr"
    },
    "frame": "goal",
    "show_toast": true,
    "announce_to_chat": true,
    "hidden": false
  },
  "criteria": {
    "get_headmirror": {
      "trigger": "minecraft:inventory_changed",
      "conditions": {
        "items": [
          {
            "items": [
              "pokecube_legends:giratina_mirror"
            ]
          }
        ]
      }
    }
  },
  "rewards": {
    "experience": 5
  },
  "parent": "pokecube_legends:root"
}