{
  "display": {
    "background": "minecraft:textures/block/stone.png",
    "icon": {
      "item": "pokecube_legends:giratina_mirror"
    },
    "title": {
      "translate": "advancements.mirror.title"
    },
    "description": {
      "translate": "advancements.mirror.descr"
    },
    "frame": "goal",
    "show_toast": true,
    "announce_to_chat": true,
    "hidden": false
  },
  "criteria": {
    "intotemirror": {
      "trigger": "minecraft:changed_dimension",
      "conditions": {
        "to": "pokecube_legends:distorted_world"
      }
    }
  },
  "rewards": {
    "experience": 10
  },
  "parent": "pokecube_legends:distortic_mirror"
}