{
  "display": {
    "icon": {
      "item": "pokecube:ultracube"
    },
    "title": {
      "translate": "achievement.pokelegends.guardian",
      "color": "gold",
      "bold": false,
      "italic": false,
      "underlined": false,
      "strikethrough": false,
      "obfuscated": false
    },
    "description": {
      "translate": "achievement.pokelegends.guardian.desc"
    },
    "frame": "challenge",
    "show_toast": true,
    "announce_to_chat": true,
    "hidden": false
  },
  "criteria": {
    "catch_tapukoko": {
      "trigger": "pokecube:catch",
      "conditions": {
        "lenient": true,
        "entry": "tapu_koko"
      }
    },
    "catch_tapulele": {
      "trigger": "pokecube:catch",
      "conditions": {
        "lenient": true,
        "entry": "tapulele"
      }
    },
    "catch_tapufini": {
      "trigger": "pokecube:catch",
      "conditions": {
        "lenient": true,
        "entry": "tapu_fini"
      }
    },
    "catch_tapubulu": {
      "trigger": "pokecube:catch",
      "conditions": {
        "lenient": true,
        "entry": "tapu_bulu"
      }
    }
  },
  "rewards": {
    "loot": [
      "pokecube_legends:entities/legendscore"
    ]
  },
  "parent": "pokecube_legends:trials"
}