{
  "display": {
    "icon": {
      "item": "pokecube:pokecube"
    },
    "title": {
      "translate": "achievement.pokelegends.root",
      "color": "yellow",
      "bold": false,
      "italic": false,
      "underlined": false,
      "strikethrough": false,
      "obfuscated": false
    },
    "description": {
      "translate": "achievement.pokelegends.root.desc"
    },
    "background": "minecraft:textures/gui/advancements/backgrounds/adventure.png",
    "show_toast": false,
    "announce_to_chat": false
  },
  "criteria": {
    "get_first_pokemob": {
      "trigger": "pokecube:get_first_pokemob"
    }
  }
}