{
  "display": {
    "icon": {
      "item": "pokecube:ultracube"
    },
    "title": {
      "translate": "achievement.pokelegends.swords",
      "color": "gold",
      "bold": false,
      "italic": false,
      "underlined": false,
      "strikethrough": false,
      "obfuscated": false
    },
    "description": {
      "translate": "achievement.pokelegends.swords.desc"
    },
    "frame": "challenge",
    "show_toast": true,
    "announce_to_chat": true,
    "hidden": false
  },
  "criteria": {
    "catch_virizion": {
      "trigger": "pokecube:catch",
      "conditions": {
        "lenient": true,
        "entry": "virizion"
      }
    },
    "catch_terrakion": {
      "trigger": "pokecube:catch",
      "conditions": {
        "lenient": true,
        "entry": "terrakion"
      }
    },
    "catch_cobalion": {
      "trigger": "pokecube:catch",
      "conditions": {
        "lenient": true,
        "entry": "cobalion"
      }
    }
  },
  "rewards": {
    "loot": [
      "pokecube_legends:entities/keldeo"
    ]
  },
  "parent": "pokecube_legends:root"
}