{
  "display": {
    "icon": {
      "item": "pokecube_legends:regisorb"
    },
    "title": {
      "translate": "achievement.pokelegends.titans",
      "color": "blue",
      "bold": false,
      "italic": false,
      "underlined": false,
      "strikethrough": false,
      "obfuscated": false
    },
    "description": {
      "translate": "achievement.pokelegends.titans.desc"
    },
    "frame": "challenge",
    "show_toast": true,
    "announce_to_chat": true,
    "hidden": false
  },
  "criteria": {
    "catch_regice": {
      "trigger": "pokecube:catch",
      "conditions": {
        "lenient": true,
        "entry": "regice"
      }
    },
    "catch_registeel": {
      "trigger": "pokecube:catch",
      "conditions": {
        "lenient": true,
        "entry": "registeel"
      }
    },
    "catch_regirock": {
      "trigger": "pokecube:catch",
      "conditions": {
        "lenient": true,
        "entry": "regirock"
      }
    },
    "catch_regieleki": {
      "trigger": "pokecube:catch",
      "conditions": {
        "lenient": true,
        "entry": "regieleki"
      }
    },
    "catch_regidrago": {
      "trigger": "pokecube:catch",
      "conditions": {
        "lenient": true,
        "entry": "regidrago"
      }
    }
  },
  "rewards": {
    "loot": [
      "pokecube_legends:entities/regiorb"
    ]
  },
  "parent": "pokecube_legends:regis"
}