{
  "display": {
    "background": "minecraft:textures/block/stone.png",
    "icon": {
      "item": "pokecube_legends:ultrakey"
    },
    "title": {
      "translate": "advancements.ultraspace.title"
    },
    "description": {
      "translate": "advancements.ultraspace.descr"
    },
    "frame": "goal",
    "show_toast": true,
    "announce_to_chat": true,
    "hidden": false
  },
  "criteria": {
    "intotespace": {
      "trigger": "minecraft:changed_dimension",
      "conditions": {
        "to": "pokecube_legends:ultraspace"
      }
    }
  },
  "rewards": {
    "experience": 3
  },
  "parent": "pokecube_legends:root"
}