{
  "display": {
    "background": "minecraft:textures/block/stone.png",
    "icon": {
      "item": "pokecube_legends:spectrum_shard"
    },
    "title": {
      "translate": "advancements.spectrum.title"
    },
    "description": {
      "translate": "advancements.spectrum.descr"
    },
    "frame": "goal",
    "show_toast": true,
    "announce_to_chat": true,
    "hidden": false
  },
  "criteria": {
    "get_spectrum_ore": {
      "trigger": "minecraft:inventory_changed",
      "conditions": {
        "items": [
          {
            "items": [
              "pokecube_legends:spectrum_ore"
            ]
          }
        ]
      }
    }
  },
  "rewards": {
    "experience": 3
  },
  "parent": "pokecube_legends:ultradimension"
}