{
  "display": {
    "icon": {
      "item": "pokecube:pokecube"
    },
    "title": {
      "translate": "achievement.pokecube.catch",
      "with": [
        {
          "translate": "entity.pokecube.gastly"
        }
      ]
    },
    "description": {
      "translate": "achievement.pokecube.catch.desc",
      "with": [
        {
          "translate": "entity.pokecube.gastly"
        }
      ]
    }
  },
  "criteria": {
    "catch_gastly": {
      "trigger": "pokecube:catch",
      "conditions": {
        "entry": "gastly"
      }
    }
  },
  "parent": "pokecube_mobs:capture/get_first_pokemob"
}