{
  "pokemon": [
    {
      "name": "Rattata",
      "stats": {
        "spawnRules": [
          {
            "values": {
              "types": "route_1",
              "rate": "0.55",
              "level": 2,
              "variance": "x + (3 * rand())"
            }
          }
        ]
      }
    },
    {
      "name": "Pidgey",
      "stats": {
        "spawnRules": [
          {
            "values": {
              "types": "route_1",
              "rate": "0.45",
              "level": 2,
              "variance": "x + (4 * rand())"
            }
          }
        ]
      }
    },
    {
      "name": "Sandslash",
      "stats": {
        "spawnRules": [
          {
            "values": {
              "types": "route_23",
              "rate": "0.05",
              "level": 41
            }
          }
        ]
      }
    },
    {
      "name": "Arbok",
      "stats": {
        "spawnRules": [
          {
            "values": {
              "types": "route_23",
              "rate": "0.05",
              "level": 41
            }
          }
        ]
      }
    }
  ]
}