{"name":"Pokecube","tagline":"Pokémobs for Minecraft","body":"# Pokécube\r\nPokémobs for Minecraft - page under construction.\r\n\r\n##Currently Missing Pokemob Models\r\n- Pikachu/Raichu/Pichu\r\n- aerodactyl\r\n- giratina\r\n\r\n##Currently known Messed up texures/other glitches\r\n- Trevenant - Legs are funny\r\n\r\n##Related/Contained projects\r\nCurrently contains [IGW-mod](https://github.com/MineMaarten/IGW-mod) and [Baubles](https://github.com/Azanor/Baubles) until those get updated to 1.8.8, then it will revert to using them as libraries\r\n\r\nContains a modifed version of [NBTEdit](https://github.com/DavidGoldman/NBTEdit) which is currently used for debugging, will probably be removed eventually as well.\r\n\r\n[Tabula Model loading code](https://github.com/Thutmose/Pokecube/tree/master/Pokecube%20Core/src/main/java/pokecube/modelloader/client/tabula) is a modified version of the one used for [Showcase](https://github.com/iLexiconn/Showcase), If the one in there, or [LLibrary](https://github.com/iLexiconn/LLibrary) gets the same functionailty, I will probably remove it and use theirs instead, adding them as a dependancy for Pokécube.\r\n\r\nContains JEP by Nathan Funk and Richard Morris for use with spawn logic, lisence [here](https://github.com/Thutmose/Pokecube/blob/master/Pokecube%20Core/src/main/java/org/nfunk/jep/license.txt)\r\n","google":"","note":"Don't delete this file! It's used internally to help with page regeneration."}